Entity,Code,Temp,Year,Wheat | 00000015 || Yield | 005419 || tonnes per hectare,Rice | 00000027 || Yield | 005419 || tonnes per hectare,Bananas | 00000486 || Yield | 005419 || tonnes per hectare,Maize | 00000056 || Yield | 005419 || tonnes per hectare,Soybeans | 00000236 || Yield | 005419 || tonnes per hectare,Potatoes | 00000116 || Yield | 005419 || tonnes per hectare,"Beans, dry | 00000176 || Yield | 005419 || tonnes per hectare","Peas, dry | 00000187 || Yield | 005419 || tonnes per hectare",Cassava | 00000125 || Yield | 005419 || tonnes per hectare,"Cocoa, beans | 00000661 || Yield | 005419 || tonnes per hectare",Barley | 00000044 || Yield | 005419 || tonnes per hectare
India,IND,24.05,1961,0.8506999612,1.54189992,13.67879963,0.9566999674,0.4544999897,7.250699997,0.2576999962,0.891900003,7.186100006,,0.8795999885
India,IND,24.1,1962,0.8895999789,1.395900011,13.39779949,0.9921999574,0.4544999897,6.704099655,0.2682999969,0.8769999743,7.1395998,,0.9510999918
India,IND,24.25,1963,0.7928999662,1.549799919,13.47669983,0.9953999519,0.4443999827,8.147699356,0.2592999935,0.7742999792,7.113399982,,0.8015999794
India,IND,24.25,1964,0.7299000025,1.6171,13.55559921,1.00999999,0.4443999827,6.24819994,0.2809000015,0.5156999826,11.56969929,,0.7346999645